DataSet,k,KMeans_Silhouette
1,3,0.6479626689290785
2,2,0.35891206310876406
3,5,0.22201950837163575
4,4,0.5865799782279477
5,2,0.6643575754503649
