DataSet,k,KMeans_Silhouette
1,6,0.3790901507863583
2,6,0.39606397681576133
3,6,0.22145253843781765
4,6,0.49147559113086386
5,6,0.1367680970057056
