DataSet,k,KMeans_Silhouette
1,3,0.6479626689290785
2,5,0.4185209488361204
3,5,0.22201950837163575
4,4,0.5865799782279477
5,3,0.372353482566261
