DataSet,k,KMeans_Silhouette
1,3,0.6479626689290785
2,3,0.38067622849365795
3,3,0.19771171467808202
4,3,0.5483211956419075
5,3,0.372353482566261
