DataSet,k,n_antibodies,rho,beta,replace_rate,selection_rate,runs,iterations,ClonalG_Media_Validacao,ClonalG_Melhor_Validacao,ClonalG_Pior_Validacao,KMeans_Silhouette_mesmo_k,Delta_Validacao_vs_KMeans_mesmo_k
1,3,50,2.0,10.0,0.1,0.85,3,50,0.6479626689290785,0.6479626689290785,0.6479626689290785,0.6479626689290785,0.0
2,3,50,2.0,10.0,0.1,0.85,3,50,0.38002090609344075,0.38047079204155776,0.3796642388953492,0.38067622849365795,-0.0006553224002172064
3,3,50,2.0,10.0,0.1,0.85,3,50,0.19287267066713468,0.197346765546241,0.18971155604208878,0.19771171467808202,-0.004839044010947341
4,3,50,2.0,10.0,0.1,0.85,3,50,0.5483211956419075,0.5483211956419075,0.5483211956419075,0.5483211956419075,0.0
5,3,50,2.0,10.0,0.1,0.85,3,50,0.36420055974510807,0.3684679313672959,0.35769588749363446,0.372353482566261,-0.00815292282115293
