DataSet,k_descoberto_clonalg,n_antibodies,rho,beta,replace_rate,selection_rate,ClonalG_media,ClonalG_desvio,ClonalG_melhor,KMeans,Delta_media
1,3,10,1.0,10.0,0.05,0.5,0.6479626689290785,0.0,0.6479626689290785,0.6479626689290785,0.0
2,5,10,2.5,10.0,0.05,0.5,0.3815727541171987,0.008814884434252717,0.39402536241019837,0.4185209488361204,-0.03694819471892169
3,5,20,2.5,10.0,0.2,0.85,0.2169950515112439,0.004603479325446187,0.2234856223520787,0.22201950837163575,-0.005024456860391852
4,4,10,1.0,10.0,0.05,0.85,0.590540010127168,0.0,0.590540010127168,0.5865799782279477,0.003960031899220229
5,3,10,1.0,10.0,0.05,0.5,0.6643575754503649,0.0,0.6643575754503649,0.372353482566261,0.2920040928841039
