DataSet,k,n_antibodies,rho,beta,replace_rate,selection_rate,ClonalG_media,ClonalG_desvio,ClonalG_melhor,KMeans,Delta_media
1,3,10,1.0,10.0,0.05,0.5,0.6479626689290785,0.0,0.6479626689290785,0.6479626689290785,0.0
2,5,20,1.0,10.0,0.2,0.5,0.4081552225229228,0.0038494312751292184,0.41090064747578436,0.4185209488361204,-0.010365726313197599
3,6,20,2.5,10.0,0.2,0.85,0.22138685711874448,0.00045166702385914464,0.22202517338050873,0.22206807318953195,-0.0006812160707874715
4,4,10,1.0,10.0,0.05,0.5,0.590540010127168,0.0,0.590540010127168,0.5865799782279477,0.003960031899220229
5,2,10,1.0,10.0,0.05,0.85,0.6643575754503649,0.0,0.6643575754503649,0.6643575754503649,0.0
